server,payload_size,rtt_min,rtt_max,rtt_avg,rtt_std
atl.speedtest.clouvider.net,20,98.811,98.977,98.888,0.059
atl.speedtest.clouvider.net,30,98.841,98.945,98.892,0.037
atl.speedtest.clouvider.net,40,98.858,98.942,98.903,0.029
atl.speedtest.clouvider.net,50,98.867,99.074,98.954,0.081
atl.speedtest.clouvider.net,60,98.875,99.168,98.986,0.113
atl.speedtest.clouvider.net,70,98.89,99.04,98.933,0.061
atl.speedtest.clouvider.net,80,98.799,99.017,98.918,0.078
atl.speedtest.clouvider.net,90,98.863,99.246,99.058,0.158
atl.speedtest.clouvider.net,100,98.875,99.068,98.973,0.068
atl.speedtest.clouvider.net,110,98.822,99.098,98.95,0.098
atl.speedtest.clouvider.net,120,98.847,98.964,98.916,0.044
atl.speedtest.clouvider.net,130,98.929,98.996,98.951,0.026
atl.speedtest.clouvider.net,140,98.87,99.068,98.941,0.076
atl.speedtest.clouvider.net,150,98.89,98.943,98.906,0.021
atl.speedtest.clouvider.net,160,98.832,99.012,98.922,0.063
atl.speedtest.clouvider.net,170,98.896,99.031,98.966,0.048
atl.speedtest.clouvider.net,180,98.833,99.112,98.95,0.101
atl.speedtest.clouvider.net,190,98.893,99.172,99.002,0.105
atl.speedtest.clouvider.net,200,98.868,98.987,98.932,0.042
atl.speedtest.clouvider.net,210,98.906,99.209,99.001,0.121
atl.speedtest.clouvider.net,220,98.81,98.956,98.901,0.055
atl.speedtest.clouvider.net,230,98.811,98.952,98.898,0.052
atl.speedtest.clouvider.net,240,98.9,99.533,99.067,0.269
atl.speedtest.clouvider.net,250,98.87,99.239,99.038,0.157
atl.speedtest.clouvider.net,260,98.845,99.095,98.921,0.102
atl.speedtest.clouvider.net,270,98.801,98.997,98.909,0.071
atl.speedtest.clouvider.net,280,98.857,99.079,98.937,0.085
atl.speedtest.clouvider.net,290,98.945,99.389,99.075,0.183
atl.speedtest.clouvider.net,300,98.931,99.118,99.04,0.077
atl.speedtest.clouvider.net,310,98.882,98.956,98.901,0.031
atl.speedtest.clouvider.net,320,98.889,99.0,98.945,0.039
atl.speedtest.clouvider.net,330,98.834,99.08,98.946,0.09
atl.speedtest.clouvider.net,340,98.88,99.063,98.956,0.073
atl.speedtest.clouvider.net,350,98.859,98.982,98.905,0.048
atl.speedtest.clouvider.net,360,98.854,99.129,98.971,0.099
atl.speedtest.clouvider.net,370,98.874,99.145,98.948,0.113
atl.speedtest.clouvider.net,380,98.809,98.981,98.919,0.065
atl.speedtest.clouvider.net,390,98.886,98.954,98.912,0.025
atl.speedtest.clouvider.net,400,98.852,99.324,98.998,0.189
atl.speedtest.clouvider.net,410,98.834,98.974,98.915,0.05
atl.speedtest.clouvider.net,420,98.946,99.073,98.986,0.051
atl.speedtest.clouvider.net,430,98.892,99.084,98.957,0.074
atl.speedtest.clouvider.net,440,98.869,99.041,98.951,0.063
atl.speedtest.clouvider.net,450,98.889,98.923,98.911,0.013
atl.speedtest.clouvider.net,460,98.871,98.924,98.905,0.021
atl.speedtest.clouvider.net,470,98.878,98.936,98.917,0.023
atl.speedtest.clouvider.net,480,98.856,99.076,98.95,0.081
atl.speedtest.clouvider.net,490,98.866,98.995,98.92,0.048
atl.speedtest.clouvider.net,500,98.897,99.102,98.958,0.084
atl.speedtest.clouvider.net,510,98.872,99.035,98.936,0.06
atl.speedtest.clouvider.net,520,98.827,99.093,98.944,0.095
atl.speedtest.clouvider.net,530,98.844,99.001,98.926,0.058
atl.speedtest.clouvider.net,540,98.819,99.011,98.913,0.067
atl.speedtest.clouvider.net,550,98.883,99.253,98.998,0.148
atl.speedtest.clouvider.net,560,98.96,99.064,99.001,0.041
atl.speedtest.clouvider.net,570,98.848,99.004,98.918,0.059
atl.speedtest.clouvider.net,580,98.835,99.244,98.996,0.153
atl.speedtest.clouvider.net,590,98.865,99.246,98.987,0.151
atl.speedtest.clouvider.net,600,98.863,98.951,98.9,0.036
atl.speedtest.clouvider.net,610,98.831,99.003,98.919,0.061
atl.speedtest.clouvider.net,620,98.875,99.311,99.027,0.167
atl.speedtest.clouvider.net,630,98.872,98.992,98.925,0.05
atl.speedtest.clouvider.net,640,98.838,99.154,99.034,0.118
atl.speedtest.clouvider.net,650,98.808,99.313,99.001,0.187
atl.speedtest.clouvider.net,660,98.829,98.963,98.911,0.05
atl.speedtest.clouvider.net,670,98.87,98.949,98.914,0.029
atl.speedtest.clouvider.net,680,98.863,99.166,99.016,0.139
atl.speedtest.clouvider.net,690,98.838,99.095,98.973,0.117
atl.speedtest.clouvider.net,700,98.882,99.093,98.953,0.082
atl.speedtest.clouvider.net,710,98.87,99.27,99.038,0.148
atl.speedtest.clouvider.net,720,98.854,99.081,98.948,0.086
atl.speedtest.clouvider.net,730,98.86,99.0,98.921,0.052
atl.speedtest.clouvider.net,740,98.902,98.918,98.912,0.006
atl.speedtest.clouvider.net,750,98.828,98.95,98.914,0.05
atl.speedtest.clouvider.net,760,98.875,99.015,98.929,0.058
atl.speedtest.clouvider.net,770,98.918,99.06,98.984,0.061
atl.speedtest.clouvider.net,780,98.896,98.936,98.915,0.018
atl.speedtest.clouvider.net,790,98.863,98.933,98.9,0.029
atl.speedtest.clouvider.net,800,98.864,99.084,98.965,0.09
atl.speedtest.clouvider.net,810,98.882,98.98,98.926,0.035
atl.speedtest.clouvider.net,820,98.874,99.225,99.043,0.131
atl.speedtest.clouvider.net,830,98.845,99.14,98.938,0.117
atl.speedtest.clouvider.net,840,98.888,99.07,98.978,0.07
atl.speedtest.clouvider.net,850,98.88,99.282,99.036,0.149
atl.speedtest.clouvider.net,860,98.9,99.202,99.047,0.106
atl.speedtest.clouvider.net,870,98.873,99.09,98.991,0.077
atl.speedtest.clouvider.net,880,98.887,98.968,98.936,0.03
atl.speedtest.clouvider.net,890,98.826,98.936,98.89,0.04
atl.speedtest.clouvider.net,900,98.882,99.201,99.027,0.142
atl.speedtest.clouvider.net,910,98.849,98.936,98.905,0.033
atl.speedtest.clouvider.net,920,98.846,98.9,98.878,0.019
atl.speedtest.clouvider.net,930,98.815,98.936,98.903,0.05
atl.speedtest.clouvider.net,940,98.88,98.931,98.902,0.023
atl.speedtest.clouvider.net,950,98.841,98.965,98.931,0.052
atl.speedtest.clouvider.net,960,98.9,98.968,98.932,0.029
atl.speedtest.clouvider.net,970,98.897,99.186,99.018,0.11
atl.speedtest.clouvider.net,980,98.838,99.199,98.967,0.137
atl.speedtest.clouvider.net,990,98.854,98.989,98.922,0.05
atl.speedtest.clouvider.net,1000,98.869,99.052,98.944,0.072
atl.speedtest.clouvider.net,1010,98.899,99.04,98.955,0.051
atl.speedtest.clouvider.net,1020,98.937,99.026,98.965,0.035
atl.speedtest.clouvider.net,1030,98.923,99.05,98.986,0.06
atl.speedtest.clouvider.net,1040,98.811,99.044,98.937,0.083
atl.speedtest.clouvider.net,1050,98.839,99.165,98.99,0.127
atl.speedtest.clouvider.net,1060,98.857,99.205,98.985,0.131
atl.speedtest.clouvider.net,1070,98.886,99.595,99.315,0.297
atl.speedtest.clouvider.net,1080,99.48,99.786,99.679,0.12
atl.speedtest.clouvider.net,1090,99.567,99.777,99.623,0.088
atl.speedtest.clouvider.net,1100,99.546,99.611,99.583,0.027
atl.speedtest.clouvider.net,1110,99.567,99.817,99.658,0.095
atl.speedtest.clouvider.net,1120,99.56,99.608,99.582,0.017
atl.speedtest.clouvider.net,1130,99.527,99.665,99.603,0.055
atl.speedtest.clouvider.net,1140,99.521,99.601,99.577,0.032
atl.speedtest.clouvider.net,1150,99.546,99.631,99.591,0.03
atl.speedtest.clouvider.net,1160,99.547,99.614,99.59,0.025
atl.speedtest.clouvider.net,1170,99.516,99.604,99.567,0.032
atl.speedtest.clouvider.net,1180,99.56,99.739,99.656,0.08
atl.speedtest.clouvider.net,1190,99.515,99.642,99.587,0.047
atl.speedtest.clouvider.net,1200,99.545,99.713,99.617,0.061
atl.speedtest.clouvider.net,1210,99.541,99.615,99.579,0.027
atl.speedtest.clouvider.net,1220,99.554,99.779,99.638,0.086
atl.speedtest.clouvider.net,1230,99.529,99.627,99.582,0.035
atl.speedtest.clouvider.net,1240,99.518,99.621,99.579,0.039
atl.speedtest.clouvider.net,1250,99.603,99.993,99.76,0.157
atl.speedtest.clouvider.net,1260,99.556,99.598,99.58,0.015
atl.speedtest.clouvider.net,1270,99.586,100.084,99.873,0.202
atl.speedtest.clouvider.net,1280,99.546,99.599,99.582,0.021
atl.speedtest.clouvider.net,1290,99.587,99.754,99.658,0.069
atl.speedtest.clouvider.net,1300,99.564,99.812,99.648,0.097
atl.speedtest.clouvider.net,1310,99.51,99.753,99.637,0.086
atl.speedtest.clouvider.net,1320,99.515,99.679,99.607,0.061
atl.speedtest.clouvider.net,1330,99.543,99.625,99.583,0.03
atl.speedtest.clouvider.net,1340,99.562,99.728,99.613,0.067
atl.speedtest.clouvider.net,1350,99.6,99.964,99.753,0.152
atl.speedtest.clouvider.net,1360,99.548,99.764,99.654,0.098
atl.speedtest.clouvider.net,1370,99.578,99.856,99.651,0.118
atl.speedtest.clouvider.net,1380,99.566,99.65,99.6,0.032
atl.speedtest.clouvider.net,1390,99.59,99.809,99.702,0.08
atl.speedtest.clouvider.net,1400,99.548,99.596,99.577,0.018
atl.speedtest.clouvider.net,1410,99.566,99.635,99.59,0.026
atl.speedtest.clouvider.net,1420,99.565,99.753,99.62,0.076
atl.speedtest.clouvider.net,1430,99.542,99.771,99.614,0.091
atl.speedtest.clouvider.net,1440,99.537,99.575,99.559,0.014
atl.speedtest.clouvider.net,1450,99.521,99.917,99.681,0.151
atl.speedtest.clouvider.net,1460,97.864,97.909,97.891,0.017
atl.speedtest.clouvider.net,1470,97.85,98.056,97.931,0.076
nyc.speedtest.clouvider.net,20,96.149,96.266,96.201,0.044
nyc.speedtest.clouvider.net,30,96.178,96.477,96.274,0.119
nyc.speedtest.clouvider.net,40,96.178,96.289,96.219,0.041
nyc.speedtest.clouvider.net,50,96.153,96.293,96.201,0.055
nyc.speedtest.clouvider.net,60,96.167,96.384,96.261,0.085
nyc.speedtest.clouvider.net,70,96.19,96.587,96.306,0.163
nyc.speedtest.clouvider.net,80,96.152,96.344,96.236,0.069
nyc.speedtest.clouvider.net,90,96.141,96.203,96.176,0.024
nyc.speedtest.clouvider.net,100,96.118,96.206,96.173,0.035
nyc.speedtest.clouvider.net,110,96.093,96.196,96.163,0.041
nyc.speedtest.clouvider.net,120,96.093,96.344,96.225,0.09
nyc.speedtest.clouvider.net,130,96.11,96.5,96.263,0.144
nyc.speedtest.clouvider.net,140,96.199,96.572,96.302,0.155
nyc.speedtest.clouvider.net,150,96.123,96.249,96.195,0.045
nyc.speedtest.clouvider.net,160,96.089,96.31,96.18,0.08
nyc.speedtest.clouvider.net,170,96.149,96.345,96.22,0.078
nyc.speedtest.clouvider.net,180,96.166,96.217,96.189,0.021
nyc.speedtest.clouvider.net,190,96.158,96.607,96.376,0.159
nyc.speedtest.clouvider.net,200,96.18,96.32,96.243,0.05
nyc.speedtest.clouvider.net,210,96.119,96.766,96.382,0.255
nyc.speedtest.clouvider.net,220,96.134,96.307,96.242,0.066
nyc.speedtest.clouvider.net,230,96.212,96.28,96.249,0.024
nyc.speedtest.clouvider.net,240,96.227,96.38,96.301,0.056
nyc.speedtest.clouvider.net,250,96.116,96.393,96.243,0.1
nyc.speedtest.clouvider.net,260,96.181,96.282,96.225,0.039
nyc.speedtest.clouvider.net,270,96.177,96.267,96.223,0.041
nyc.speedtest.clouvider.net,280,96.128,96.474,96.256,0.131
nyc.speedtest.clouvider.net,290,96.067,96.26,96.195,0.077
nyc.speedtest.clouvider.net,300,96.187,96.264,96.214,0.03
nyc.speedtest.clouvider.net,310,96.149,96.529,96.285,0.144
nyc.speedtest.clouvider.net,320,96.184,96.389,96.244,0.084
nyc.speedtest.clouvider.net,330,96.118,96.267,96.208,0.062
nyc.speedtest.clouvider.net,340,96.092,96.29,96.207,0.072
nyc.speedtest.clouvider.net,350,96.133,96.284,96.181,0.06
nyc.speedtest.clouvider.net,360,96.127,96.326,96.212,0.071
nyc.speedtest.clouvider.net,370,96.207,96.322,96.252,0.042
nyc.speedtest.clouvider.net,380,96.142,96.178,96.156,0.013
nyc.speedtest.clouvider.net,390,96.102,96.266,96.187,0.058
nyc.speedtest.clouvider.net,400,96.102,96.435,96.224,0.126
nyc.speedtest.clouvider.net,410,96.166,96.322,96.246,0.055
nyc.speedtest.clouvider.net,420,96.126,96.286,96.204,0.057
nyc.speedtest.clouvider.net,430,96.182,96.212,96.201,0.011
nyc.speedtest.clouvider.net,440,96.149,96.527,96.289,0.151
nyc.speedtest.clouvider.net,450,96.161,96.487,96.275,0.125
nyc.speedtest.clouvider.net,460,96.1,96.195,96.154,0.034
nyc.speedtest.clouvider.net,470,96.192,96.565,96.325,0.147
nyc.speedtest.clouvider.net,480,96.157,96.198,96.185,0.016
nyc.speedtest.clouvider.net,490,96.138,96.234,96.2,0.037
nyc.speedtest.clouvider.net,500,96.15,96.386,96.23,0.091
nyc.speedtest.clouvider.net,510,96.135,96.242,96.2,0.039
nyc.speedtest.clouvider.net,520,96.175,96.216,96.192,0.015
nyc.speedtest.clouvider.net,530,96.087,96.534,96.261,0.165
nyc.speedtest.clouvider.net,540,96.192,96.311,96.24,0.045
nyc.speedtest.clouvider.net,550,96.085,96.201,96.158,0.044
nyc.speedtest.clouvider.net,560,96.13,96.178,96.153,0.017
nyc.speedtest.clouvider.net,570,96.149,96.388,96.24,0.089
nyc.speedtest.clouvider.net,580,96.133,96.411,96.275,0.113
nyc.speedtest.clouvider.net,590,96.216,96.373,96.265,0.063
nyc.speedtest.clouvider.net,600,96.144,96.214,96.175,0.027
nyc.speedtest.clouvider.net,610,96.045,96.376,96.239,0.124
nyc.speedtest.clouvider.net,620,96.196,96.317,96.237,0.047
nyc.speedtest.clouvider.net,630,96.211,96.425,96.291,0.082
nyc.speedtest.clouvider.net,640,96.161,96.701,96.323,0.219
nyc.speedtest.clouvider.net,650,96.213,96.456,96.299,0.092
nyc.speedtest.clouvider.net,660,96.137,96.249,96.21,0.044
nyc.speedtest.clouvider.net,670,96.17,96.423,96.258,0.099
nyc.speedtest.clouvider.net,680,96.155,96.48,96.27,0.126
nyc.speedtest.clouvider.net,690,96.187,96.416,96.252,0.094
nyc.speedtest.clouvider.net,700,96.128,96.185,96.154,0.02
nyc.speedtest.clouvider.net,710,96.094,96.38,96.196,0.109
nyc.speedtest.clouvider.net,720,96.106,96.199,96.164,0.036
nyc.speedtest.clouvider.net,730,96.183,96.266,96.226,0.03
nyc.speedtest.clouvider.net,740,96.139,96.273,96.222,0.05
nyc.speedtest.clouvider.net,750,96.21,96.422,96.283,0.086
nyc.speedtest.clouvider.net,760,96.178,96.607,96.457,0.171
nyc.speedtest.clouvider.net,770,96.207,96.423,96.288,0.084
nyc.speedtest.clouvider.net,780,96.206,96.439,96.29,0.09
nyc.speedtest.clouvider.net,790,96.155,96.374,96.239,0.082
nyc.speedtest.clouvider.net,800,96.116,96.394,96.28,0.108
nyc.speedtest.clouvider.net,810,96.27,96.646,96.377,0.156
nyc.speedtest.clouvider.net,820,96.189,96.417,96.324,0.091
nyc.speedtest.clouvider.net,830,96.151,96.244,96.19,0.033
nyc.speedtest.clouvider.net,840,96.182,96.268,96.224,0.03
nyc.speedtest.clouvider.net,850,96.153,96.398,96.262,0.089
nyc.speedtest.clouvider.net,860,96.18,96.444,96.314,0.113
nyc.speedtest.clouvider.net,870,96.126,96.252,96.211,0.05
nyc.speedtest.clouvider.net,880,96.157,96.438,96.248,0.11
nyc.speedtest.clouvider.net,890,96.128,96.277,96.211,0.053
nyc.speedtest.clouvider.net,900,96.12,96.224,96.173,0.043
nyc.speedtest.clouvider.net,910,96.125,96.468,96.308,0.15
nyc.speedtest.clouvider.net,920,96.141,96.295,96.199,0.061
nyc.speedtest.clouvider.net,930,96.141,96.271,96.205,0.046
nyc.speedtest.clouvider.net,940,96.154,96.241,96.196,0.031
nyc.speedtest.clouvider.net,950,96.099,96.461,96.298,0.151
nyc.speedtest.clouvider.net,960,96.192,96.267,96.228,0.033
nyc.speedtest.clouvider.net,970,96.096,96.237,96.191,0.056
nyc.speedtest.clouvider.net,980,96.211,96.381,96.304,0.066
nyc.speedtest.clouvider.net,990,96.132,96.336,96.231,0.074
nyc.speedtest.clouvider.net,1000,96.111,96.319,96.212,0.073
nyc.speedtest.clouvider.net,1010,96.186,96.333,96.236,0.059
nyc.speedtest.clouvider.net,1020,96.095,96.21,96.172,0.046
nyc.speedtest.clouvider.net,1030,96.122,96.311,96.209,0.067
nyc.speedtest.clouvider.net,1040,96.152,96.319,96.218,0.061
nyc.speedtest.clouvider.net,1050,96.132,96.344,96.22,0.077
nyc.speedtest.clouvider.net,1060,96.182,96.419,96.247,0.099
nyc.speedtest.clouvider.net,1070,96.142,96.297,96.213,0.058
nyc.speedtest.clouvider.net,1080,96.132,96.431,96.226,0.119
nyc.speedtest.clouvider.net,1090,96.161,96.238,96.186,0.031
nyc.speedtest.clouvider.net,1100,96.153,96.292,96.235,0.056
nyc.speedtest.clouvider.net,1110,96.112,96.42,96.246,0.112
nyc.speedtest.clouvider.net,1120,96.182,96.386,96.283,0.08
nyc.speedtest.clouvider.net,1130,96.147,96.36,96.218,0.085
nyc.speedtest.clouvider.net,1140,96.173,96.231,96.208,0.022
nyc.speedtest.clouvider.net,1150,96.17,96.245,96.223,0.03
nyc.speedtest.clouvider.net,1160,96.135,96.191,96.162,0.02
nyc.speedtest.clouvider.net,1170,96.195,96.274,96.238,0.028
nyc.speedtest.clouvider.net,1180,96.123,96.208,96.182,0.034
nyc.speedtest.clouvider.net,1190,96.156,96.283,96.237,0.051
nyc.speedtest.clouvider.net,1200,96.187,96.236,96.213,0.022
nyc.speedtest.clouvider.net,1210,96.175,96.249,96.227,0.03
nyc.speedtest.clouvider.net,1220,96.122,96.236,96.173,0.046
nyc.speedtest.clouvider.net,1230,96.119,96.38,96.228,0.094
nyc.speedtest.clouvider.net,1240,96.108,96.474,96.297,0.143
nyc.speedtest.clouvider.net,1250,96.118,96.232,96.189,0.044
nyc.speedtest.clouvider.net,1260,96.146,96.382,96.217,0.096
nyc.speedtest.clouvider.net,1270,96.308,96.618,96.436,0.129
nyc.speedtest.clouvider.net,1280,96.186,96.291,96.228,0.038
nyc.speedtest.clouvider.net,1290,96.188,96.24,96.213,0.019
nyc.speedtest.clouvider.net,1300,96.104,96.297,96.224,0.078
nyc.speedtest.clouvider.net,1310,96.131,96.558,96.28,0.163
nyc.speedtest.clouvider.net,1320,96.146,96.368,96.251,0.081
nyc.speedtest.clouvider.net,1330,96.133,96.241,96.204,0.043
nyc.speedtest.clouvider.net,1340,96.116,96.352,96.252,0.102
nyc.speedtest.clouvider.net,1350,96.126,96.267,96.208,0.053
nyc.speedtest.clouvider.net,1360,96.124,96.532,96.263,0.158
nyc.speedtest.clouvider.net,1370,96.114,96.584,96.296,0.175
nyc.speedtest.clouvider.net,1380,96.134,96.234,96.196,0.038
nyc.speedtest.clouvider.net,1390,96.151,96.417,96.243,0.102
nyc.speedtest.clouvider.net,1400,96.158,96.358,96.239,0.077
nyc.speedtest.clouvider.net,1410,96.179,96.515,96.405,0.133
nyc.speedtest.clouvider.net,1420,96.169,96.552,96.332,0.144
nyc.speedtest.clouvider.net,1430,96.079,96.289,96.205,0.078
nyc.speedtest.clouvider.net,1440,96.159,96.226,96.206,0.027
nyc.speedtest.clouvider.net,1450,96.168,96.254,96.219,0.031
nyc.speedtest.clouvider.net,1460,98.98,99.242,99.092,0.096
nyc.speedtest.clouvider.net,1470,98.973,99.146,99.084,0.069
lon.speedtest.clouvider.net,20,1.577,1.638,1.601,0.022
lon.speedtest.clouvider.net,30,1.497,1.671,1.596,0.062
lon.speedtest.clouvider.net,40,1.535,1.659,1.627,0.053
lon.speedtest.clouvider.net,50,1.521,1.628,1.594,0.042
lon.speedtest.clouvider.net,60,1.597,1.796,1.7,0.09
lon.speedtest.clouvider.net,70,1.524,1.791,1.649,0.097
lon.speedtest.clouvider.net,80,1.606,1.691,1.63,0.035
lon.speedtest.clouvider.net,90,1.569,2.047,1.714,0.193
lon.speedtest.clouvider.net,100,1.548,1.703,1.629,0.061
lon.speedtest.clouvider.net,110,1.62,1.734,1.678,0.052
lon.speedtest.clouvider.net,120,1.52,1.634,1.589,0.042
lon.speedtest.clouvider.net,130,1.552,1.628,1.584,0.027
lon.speedtest.clouvider.net,140,1.478,1.836,1.633,0.128
lon.speedtest.clouvider.net,150,1.555,1.627,1.591,0.027
lon.speedtest.clouvider.net,160,1.53,1.635,1.589,0.038
lon.speedtest.clouvider.net,170,1.54,1.677,1.622,0.053
lon.speedtest.clouvider.net,180,1.566,1.638,1.604,0.03
lon.speedtest.clouvider.net,190,1.619,1.776,1.671,0.061
lon.speedtest.clouvider.net,200,1.563,1.976,1.687,0.167
lon.speedtest.clouvider.net,210,1.516,1.629,1.583,0.041
lon.speedtest.clouvider.net,220,1.543,1.805,1.629,0.103
lon.speedtest.clouvider.net,230,1.517,1.643,1.602,0.049
lon.speedtest.clouvider.net,240,1.513,1.659,1.608,0.056
lon.speedtest.clouvider.net,250,1.54,1.649,1.611,0.042
lon.speedtest.clouvider.net,260,1.536,1.782,1.669,0.104
lon.speedtest.clouvider.net,270,1.603,1.886,1.726,0.111
lon.speedtest.clouvider.net,280,1.679,1.99,1.793,0.117
lon.speedtest.clouvider.net,290,1.619,1.926,1.782,0.109
lon.speedtest.clouvider.net,300,1.536,1.712,1.62,0.062
lon.speedtest.clouvider.net,310,1.53,1.673,1.604,0.051
lon.speedtest.clouvider.net,320,1.549,1.665,1.602,0.042
lon.speedtest.clouvider.net,330,1.556,1.83,1.7,0.109
lon.speedtest.clouvider.net,340,1.519,1.849,1.706,0.139
lon.speedtest.clouvider.net,350,1.536,1.753,1.614,0.082
lon.speedtest.clouvider.net,360,1.524,1.975,1.68,0.173
lon.speedtest.clouvider.net,370,1.489,1.661,1.589,0.062
lon.speedtest.clouvider.net,380,1.604,1.674,1.635,0.025
lon.speedtest.clouvider.net,390,1.544,1.788,1.655,0.093
lon.speedtest.clouvider.net,400,1.514,1.609,1.58,0.038
lon.speedtest.clouvider.net,410,1.543,1.802,1.657,0.093
lon.speedtest.clouvider.net,420,1.587,1.632,1.608,0.016
lon.speedtest.clouvider.net,430,1.529,1.657,1.608,0.048
lon.speedtest.clouvider.net,440,1.513,1.646,1.608,0.055
lon.speedtest.clouvider.net,450,1.612,1.675,1.643,0.023
lon.speedtest.clouvider.net,460,1.586,1.642,1.626,0.023
lon.speedtest.clouvider.net,470,1.522,1.705,1.635,0.072
lon.speedtest.clouvider.net,480,1.6,1.64,1.625,0.015
lon.speedtest.clouvider.net,490,1.527,1.738,1.64,0.075
lon.speedtest.clouvider.net,500,1.539,1.656,1.591,0.043
lon.speedtest.clouvider.net,510,1.517,1.674,1.6,0.058
lon.speedtest.clouvider.net,520,1.551,1.668,1.61,0.041
lon.speedtest.clouvider.net,530,1.515,1.673,1.624,0.063
lon.speedtest.clouvider.net,540,1.506,1.985,1.665,0.187
lon.speedtest.clouvider.net,550,1.487,1.863,1.645,0.136
lon.speedtest.clouvider.net,560,1.537,1.655,1.6,0.042
lon.speedtest.clouvider.net,570,1.561,1.653,1.613,0.033
lon.speedtest.clouvider.net,580,1.682,1.959,1.804,0.118
lon.speedtest.clouvider.net,590,1.593,1.816,1.674,0.09
lon.speedtest.clouvider.net,600,1.589,1.67,1.631,0.031
lon.speedtest.clouvider.net,610,1.504,1.637,1.586,0.05
lon.speedtest.clouvider.net,620,1.553,1.63,1.598,0.028
lon.speedtest.clouvider.net,630,1.507,1.787,1.646,0.099
lon.speedtest.clouvider.net,640,1.514,1.719,1.649,0.082
lon.speedtest.clouvider.net,650,1.621,1.842,1.701,0.088
lon.speedtest.clouvider.net,660,1.566,1.811,1.685,0.087
lon.speedtest.clouvider.net,670,1.563,1.858,1.702,0.109
lon.speedtest.clouvider.net,680,1.543,1.652,1.617,0.043
lon.speedtest.clouvider.net,690,1.564,1.668,1.619,0.047
lon.speedtest.clouvider.net,700,1.56,1.692,1.634,0.055
lon.speedtest.clouvider.net,710,1.643,1.945,1.819,0.117
lon.speedtest.clouvider.net,720,1.517,1.654,1.609,0.054
lon.speedtest.clouvider.net,730,1.619,3.096,2.022,0.621
lon.speedtest.clouvider.net,740,1.609,4.464,2.974,1.338
lon.speedtest.clouvider.net,750,1.538,2.463,1.881,0.358
lon.speedtest.clouvider.net,760,1.655,4.366,3.607,1.129
lon.speedtest.clouvider.net,770,1.557,1.736,1.653,0.081
lon.speedtest.clouvider.net,780,1.648,1.845,1.751,0.07
lon.speedtest.clouvider.net,790,1.674,2.441,1.95,0.292
lon.speedtest.clouvider.net,800,1.73,2.203,2.025,0.186
lon.speedtest.clouvider.net,810,1.545,1.823,1.665,0.1
lon.speedtest.clouvider.net,820,1.555,1.63,1.6,0.027
lon.speedtest.clouvider.net,830,1.489,1.661,1.602,0.067
lon.speedtest.clouvider.net,840,1.638,1.825,1.704,0.071
lon.speedtest.clouvider.net,850,1.56,1.644,1.59,0.032
lon.speedtest.clouvider.net,860,1.481,1.948,1.737,0.166
lon.speedtest.clouvider.net,870,1.496,1.821,1.626,0.12
lon.speedtest.clouvider.net,880,1.538,1.667,1.625,0.051
lon.speedtest.clouvider.net,890,1.542,1.671,1.615,0.046
lon.speedtest.clouvider.net,900,1.556,1.783,1.682,0.081
lon.speedtest.clouvider.net,910,1.549,1.636,1.611,0.036
lon.speedtest.clouvider.net,920,1.506,1.619,1.583,0.045
lon.speedtest.clouvider.net,930,1.532,1.637,1.604,0.042
lon.speedtest.clouvider.net,940,1.551,1.836,1.704,0.106
lon.speedtest.clouvider.net,950,1.545,1.801,1.667,0.091
lon.speedtest.clouvider.net,960,1.51,1.646,1.597,0.055
lon.speedtest.clouvider.net,970,1.662,1.824,1.72,0.064
lon.speedtest.clouvider.net,980,1.503,2.057,1.747,0.199
lon.speedtest.clouvider.net,990,1.508,1.612,1.569,0.039
lon.speedtest.clouvider.net,1000,1.535,1.697,1.629,0.058
lon.speedtest.clouvider.net,1010,1.594,1.923,1.684,0.138
lon.speedtest.clouvider.net,1020,1.518,2.035,1.705,0.196
lon.speedtest.clouvider.net,1030,1.543,1.618,1.589,0.03
lon.speedtest.clouvider.net,1040,1.515,1.96,1.76,0.175
lon.speedtest.clouvider.net,1050,1.497,1.705,1.621,0.076
lon.speedtest.clouvider.net,1060,1.549,1.683,1.635,0.052
lon.speedtest.clouvider.net,1070,1.544,1.627,1.605,0.035
lon.speedtest.clouvider.net,1080,1.519,1.667,1.613,0.056
lon.speedtest.clouvider.net,1090,1.548,1.652,1.612,0.042
lon.speedtest.clouvider.net,1100,1.568,1.64,1.605,0.028
lon.speedtest.clouvider.net,1110,1.58,1.793,1.665,0.078
lon.speedtest.clouvider.net,1120,1.548,1.838,1.663,0.107
lon.speedtest.clouvider.net,1130,1.536,1.826,1.661,0.104
lon.speedtest.clouvider.net,1140,1.543,1.753,1.635,0.077
lon.speedtest.clouvider.net,1150,1.518,1.643,1.592,0.046
lon.speedtest.clouvider.net,1160,1.56,1.695,1.628,0.048
lon.speedtest.clouvider.net,1170,1.574,1.623,1.605,0.018
lon.speedtest.clouvider.net,1180,1.497,1.758,1.629,0.092
lon.speedtest.clouvider.net,1190,1.506,1.845,1.654,0.122
lon.speedtest.clouvider.net,1200,1.543,1.639,1.591,0.034
lon.speedtest.clouvider.net,1210,1.56,1.854,1.665,0.112
lon.speedtest.clouvider.net,1220,1.56,1.673,1.603,0.043
lon.speedtest.clouvider.net,1230,1.562,1.696,1.652,0.054
lon.speedtest.clouvider.net,1240,1.634,1.712,1.658,0.031
lon.speedtest.clouvider.net,1250,1.505,1.706,1.625,0.073
lon.speedtest.clouvider.net,1260,1.589,1.667,1.626,0.027
lon.speedtest.clouvider.net,1270,1.548,1.671,1.605,0.044
lon.speedtest.clouvider.net,1280,1.576,1.651,1.613,0.027
lon.speedtest.clouvider.net,1290,1.706,2.153,1.844,0.183
lon.speedtest.clouvider.net,1300,1.489,1.753,1.632,0.094
lon.speedtest.clouvider.net,1310,1.53,2.001,1.735,0.17
lon.speedtest.clouvider.net,1320,1.518,1.656,1.596,0.051
lon.speedtest.clouvider.net,1330,1.586,1.635,1.601,0.019
lon.speedtest.clouvider.net,1340,1.542,2.101,1.804,0.206
lon.speedtest.clouvider.net,1350,1.563,1.593,1.581,0.011
lon.speedtest.clouvider.net,1360,1.541,1.799,1.649,0.093
lon.speedtest.clouvider.net,1370,1.616,1.697,1.645,0.031
lon.speedtest.clouvider.net,1380,1.542,1.72,1.632,0.063
lon.speedtest.clouvider.net,1390,1.548,1.825,1.656,0.102
lon.speedtest.clouvider.net,1400,1.609,1.659,1.63,0.018
lon.speedtest.clouvider.net,1410,1.526,1.78,1.64,0.1
lon.speedtest.clouvider.net,1420,1.638,1.73,1.665,0.037
lon.speedtest.clouvider.net,1430,1.576,1.836,1.713,0.107
lon.speedtest.clouvider.net,1440,1.497,1.661,1.6,0.063
lon.speedtest.clouvider.net,1450,1.584,1.802,1.666,0.081
lon.speedtest.clouvider.net,1460,1.548,1.749,1.663,0.079
lon.speedtest.clouvider.net,1470,1.536,1.77,1.688,0.09
la.speedtest.clouvider.net,20,139.823,139.951,139.885,0.05
la.speedtest.clouvider.net,30,139.777,140.408,140.054,0.23
la.speedtest.clouvider.net,40,139.763,139.857,139.824,0.036
la.speedtest.clouvider.net,50,139.805,140.137,140.0,0.137
la.speedtest.clouvider.net,60,139.823,140.007,139.915,0.076
la.speedtest.clouvider.net,70,139.803,139.883,139.841,0.028
la.speedtest.clouvider.net,80,139.84,139.967,139.906,0.054
la.speedtest.clouvider.net,90,139.803,139.896,139.838,0.035
la.speedtest.clouvider.net,100,138.343,139.85,139.1,0.71
la.speedtest.clouvider.net,110,138.344,138.491,138.421,0.052
la.speedtest.clouvider.net,120,138.311,138.648,138.457,0.123
la.speedtest.clouvider.net,130,138.388,138.613,138.497,0.088
la.speedtest.clouvider.net,140,135.776,138.374,137.074,1.259
la.speedtest.clouvider.net,150,135.722,135.815,135.773,0.034
la.speedtest.clouvider.net,160,135.681,135.84,135.744,0.058
la.speedtest.clouvider.net,170,135.812,135.98,135.86,0.069
la.speedtest.clouvider.net,180,135.732,135.821,135.795,0.036
la.speedtest.clouvider.net,190,135.753,136.154,135.897,0.154
la.speedtest.clouvider.net,200,135.795,136.046,135.895,0.092
la.speedtest.clouvider.net,210,135.765,138.447,137.767,1.156
la.speedtest.clouvider.net,220,138.355,138.556,138.487,0.079
la.speedtest.clouvider.net,230,138.385,138.665,138.463,0.116
la.speedtest.clouvider.net,240,138.356,138.433,138.387,0.03
la.speedtest.clouvider.net,250,138.334,138.46,138.39,0.045
la.speedtest.clouvider.net,260,138.34,138.524,138.406,0.072
la.speedtest.clouvider.net,270,138.314,138.442,138.375,0.046
la.speedtest.clouvider.net,280,138.352,138.469,138.391,0.045
la.speedtest.clouvider.net,290,138.314,138.572,138.441,0.091
la.speedtest.clouvider.net,300,138.333,138.398,138.36,0.023
la.speedtest.clouvider.net,310,138.295,138.404,138.359,0.043
la.speedtest.clouvider.net,320,138.329,138.435,138.401,0.042
la.speedtest.clouvider.net,330,138.369,138.431,138.395,0.025
la.speedtest.clouvider.net,340,138.366,138.729,138.54,0.143
la.speedtest.clouvider.net,350,138.353,138.787,138.503,0.169
la.speedtest.clouvider.net,360,138.343,138.59,138.442,0.094
la.speedtest.clouvider.net,370,138.319,138.534,138.437,0.082
la.speedtest.clouvider.net,380,138.285,138.407,138.344,0.043
la.speedtest.clouvider.net,390,138.279,138.558,138.407,0.11
la.speedtest.clouvider.net,400,138.408,138.787,138.519,0.155
la.speedtest.clouvider.net,410,138.313,138.416,138.372,0.037
la.speedtest.clouvider.net,420,138.437,138.583,138.537,0.058
la.speedtest.clouvider.net,430,138.343,138.618,138.458,0.112
la.speedtest.clouvider.net,440,138.313,138.57,138.426,0.092
la.speedtest.clouvider.net,450,138.392,138.505,138.433,0.045
la.speedtest.clouvider.net,460,138.322,138.643,138.473,0.129
la.speedtest.clouvider.net,470,138.289,138.688,138.458,0.144
la.speedtest.clouvider.net,480,138.366,138.615,138.455,0.095
la.speedtest.clouvider.net,490,138.36,138.513,138.448,0.064
la.speedtest.clouvider.net,500,138.336,138.438,138.385,0.036
la.speedtest.clouvider.net,510,138.404,138.484,138.444,0.029
la.speedtest.clouvider.net,520,138.371,138.541,138.425,0.067
la.speedtest.clouvider.net,530,138.39,138.468,138.42,0.03
la.speedtest.clouvider.net,540,138.32,138.434,138.384,0.048
la.speedtest.clouvider.net,550,138.378,138.519,138.429,0.055
la.speedtest.clouvider.net,560,138.389,138.433,138.418,0.017
la.speedtest.clouvider.net,570,138.358,138.415,138.395,0.022
la.speedtest.clouvider.net,580,138.334,138.413,138.381,0.03
la.speedtest.clouvider.net,590,138.345,138.448,138.387,0.037
la.speedtest.clouvider.net,600,138.329,139.083,138.559,0.305
la.speedtest.clouvider.net,610,138.34,138.609,138.447,0.099
la.speedtest.clouvider.net,620,138.381,138.528,138.455,0.052
la.speedtest.clouvider.net,630,138.384,138.493,138.448,0.044
la.speedtest.clouvider.net,640,138.297,138.411,138.368,0.042
la.speedtest.clouvider.net,650,138.324,138.421,138.379,0.034
la.speedtest.clouvider.net,660,138.339,138.668,138.464,0.122
la.speedtest.clouvider.net,670,138.401,138.527,138.446,0.049
la.speedtest.clouvider.net,680,138.362,138.427,138.388,0.024
la.speedtest.clouvider.net,690,138.413,138.54,138.483,0.055
la.speedtest.clouvider.net,700,138.357,138.458,138.408,0.038
la.speedtest.clouvider.net,710,138.429,138.465,138.446,0.012
la.speedtest.clouvider.net,720,138.365,138.597,138.429,0.097
la.speedtest.clouvider.net,730,138.326,138.456,138.397,0.049
la.speedtest.clouvider.net,740,138.38,138.502,138.436,0.043
la.speedtest.clouvider.net,750,138.418,138.484,138.436,0.027
la.speedtest.clouvider.net,760,138.447,138.581,138.509,0.054
la.speedtest.clouvider.net,770,138.368,138.747,138.481,0.155
la.speedtest.clouvider.net,780,138.356,138.476,138.415,0.042
la.speedtest.clouvider.net,790,138.394,138.558,138.495,0.063
la.speedtest.clouvider.net,800,138.378,138.56,138.436,0.073
la.speedtest.clouvider.net,810,138.351,138.487,138.411,0.05
la.speedtest.clouvider.net,820,138.377,138.476,138.429,0.035
la.speedtest.clouvider.net,830,138.354,138.47,138.425,0.043
la.speedtest.clouvider.net,840,138.409,138.449,138.425,0.014
la.speedtest.clouvider.net,850,138.4,138.447,138.423,0.016
la.speedtest.clouvider.net,860,138.384,138.554,138.449,0.063
la.speedtest.clouvider.net,870,138.351,138.621,138.465,0.098
la.speedtest.clouvider.net,880,138.369,138.808,138.504,0.177
la.speedtest.clouvider.net,890,138.352,138.48,138.404,0.046
la.speedtest.clouvider.net,900,138.441,138.475,138.461,0.013
la.speedtest.clouvider.net,910,138.4,138.526,138.46,0.045
la.speedtest.clouvider.net,920,138.336,138.645,138.442,0.119
la.speedtest.clouvider.net,930,138.351,138.407,138.382,0.02
la.speedtest.clouvider.net,940,138.359,138.573,138.44,0.083
la.speedtest.clouvider.net,950,138.408,138.546,138.463,0.051
la.speedtest.clouvider.net,960,138.393,138.605,138.483,0.083
la.speedtest.clouvider.net,970,138.422,138.509,138.461,0.031
la.speedtest.clouvider.net,980,138.39,138.467,138.431,0.027
la.speedtest.clouvider.net,990,138.348,138.474,138.43,0.05
la.speedtest.clouvider.net,1000,138.403,138.564,138.459,0.064
la.speedtest.clouvider.net,1010,138.352,138.584,138.446,0.084
la.speedtest.clouvider.net,1020,138.324,138.456,138.412,0.052
la.speedtest.clouvider.net,1030,138.369,138.569,138.458,0.075
la.speedtest.clouvider.net,1040,138.335,138.43,138.38,0.041
la.speedtest.clouvider.net,1050,138.353,138.478,138.405,0.046
la.speedtest.clouvider.net,1060,138.375,138.449,138.421,0.028
la.speedtest.clouvider.net,1070,138.317,138.452,138.391,0.048
la.speedtest.clouvider.net,1080,138.289,138.56,138.435,0.101
la.speedtest.clouvider.net,1090,138.318,138.666,138.509,0.133
la.speedtest.clouvider.net,1100,138.343,138.425,138.378,0.03
la.speedtest.clouvider.net,1110,138.347,138.403,138.374,0.019
la.speedtest.clouvider.net,1120,138.339,138.432,138.386,0.037
la.speedtest.clouvider.net,1130,138.341,138.626,138.476,0.101
la.speedtest.clouvider.net,1140,138.328,138.601,138.474,0.105
la.speedtest.clouvider.net,1150,138.393,138.617,138.463,0.089
la.speedtest.clouvider.net,1160,138.305,138.804,138.464,0.198
la.speedtest.clouvider.net,1170,138.377,138.675,138.475,0.118
la.speedtest.clouvider.net,1180,138.358,138.442,138.399,0.033
la.speedtest.clouvider.net,1190,138.365,138.523,138.418,0.061
la.speedtest.clouvider.net,1200,138.346,138.429,138.391,0.029
la.speedtest.clouvider.net,1210,138.347,138.663,138.448,0.127
la.speedtest.clouvider.net,1220,138.313,138.433,138.381,0.044
la.speedtest.clouvider.net,1230,138.344,138.469,138.421,0.046
la.speedtest.clouvider.net,1240,138.333,138.555,138.447,0.079
la.speedtest.clouvider.net,1250,138.402,138.454,138.426,0.019
la.speedtest.clouvider.net,1260,138.365,138.412,138.386,0.018
la.speedtest.clouvider.net,1270,138.365,138.622,138.466,0.097
la.speedtest.clouvider.net,1280,138.407,138.555,138.478,0.052
la.speedtest.clouvider.net,1290,138.313,138.435,138.391,0.049
la.speedtest.clouvider.net,1300,138.386,138.435,138.412,0.021
la.speedtest.clouvider.net,1310,138.366,138.521,138.429,0.058
la.speedtest.clouvider.net,1320,138.383,138.397,138.391,0.005
la.speedtest.clouvider.net,1330,138.359,138.434,138.4,0.027
la.speedtest.clouvider.net,1340,138.343,138.653,138.481,0.125
la.speedtest.clouvider.net,1350,138.515,138.85,138.702,0.143
la.speedtest.clouvider.net,1360,138.508,138.562,138.537,0.019
la.speedtest.clouvider.net,1370,138.318,138.712,138.509,0.154
la.speedtest.clouvider.net,1380,138.363,138.627,138.543,0.106
la.speedtest.clouvider.net,1390,138.381,138.463,138.417,0.029
la.speedtest.clouvider.net,1400,138.386,138.459,138.413,0.027
la.speedtest.clouvider.net,1410,138.366,138.386,138.376,0.007
la.speedtest.clouvider.net,1420,138.383,138.613,138.444,0.097
la.speedtest.clouvider.net,1430,138.387,138.648,138.507,0.12
la.speedtest.clouvider.net,1440,138.437,138.701,138.567,0.113
la.speedtest.clouvider.net,1450,138.378,138.514,138.439,0.051
la.speedtest.clouvider.net,1460,141.182,141.264,141.23,0.033
la.speedtest.clouvider.net,1470,141.234,141.304,141.268,0.025
paris.testdebit.info,20,8.624,8.702,8.67,0.029
paris.testdebit.info,30,8.588,8.663,8.628,0.028
paris.testdebit.info,40,8.562,8.775,8.656,0.076
paris.testdebit.info,50,8.627,8.807,8.684,0.071
paris.testdebit.info,60,8.597,8.689,8.633,0.033
paris.testdebit.info,70,8.545,8.664,8.61,0.047
paris.testdebit.info,80,8.615,8.691,8.656,0.027
paris.testdebit.info,90,8.553,8.686,8.609,0.048
paris.testdebit.info,100,8.61,8.881,8.697,0.107
paris.testdebit.info,110,8.595,8.673,8.641,0.031
paris.testdebit.info,120,8.575,8.65,8.617,0.027
paris.testdebit.info,130,8.569,8.779,8.661,0.077
paris.testdebit.info,140,8.577,8.645,8.618,0.028
paris.testdebit.info,150,8.562,8.675,8.624,0.04
paris.testdebit.info,160,8.582,8.764,8.655,0.076
paris.testdebit.info,170,8.577,8.678,8.631,0.037
paris.testdebit.info,180,8.458,8.927,8.653,0.17
paris.testdebit.info,190,8.544,8.685,8.61,0.051
paris.testdebit.info,200,8.578,8.662,8.633,0.032
paris.testdebit.info,210,8.553,8.654,8.607,0.036
paris.testdebit.info,220,8.565,8.66,8.623,0.035
paris.testdebit.info,230,8.559,8.701,8.606,0.055
paris.testdebit.info,240,8.562,8.661,8.627,0.038
paris.testdebit.info,250,8.576,8.709,8.667,0.054
paris.testdebit.info,260,8.56,8.686,8.65,0.052
paris.testdebit.info,270,8.573,8.869,8.705,0.114
paris.testdebit.info,280,8.568,8.677,8.645,0.044
paris.testdebit.info,290,8.608,8.713,8.639,0.043
paris.testdebit.info,300,8.601,8.673,8.648,0.027
paris.testdebit.info,310,8.52,8.657,8.612,0.055
paris.testdebit.info,320,8.528,8.686,8.584,0.06
paris.testdebit.info,330,8.434,8.678,8.581,0.101
paris.testdebit.info,340,8.503,8.662,8.573,0.057
paris.testdebit.info,350,8.545,8.646,8.582,0.039
paris.testdebit.info,360,8.485,8.664,8.585,0.064
paris.testdebit.info,370,8.552,8.607,8.584,0.02
paris.testdebit.info,380,8.47,8.624,8.554,0.055
paris.testdebit.info,390,8.464,8.589,8.547,0.05
paris.testdebit.info,400,8.51,8.587,8.542,0.028
paris.testdebit.info,410,8.517,8.658,8.574,0.06
paris.testdebit.info,420,8.504,8.666,8.587,0.064
paris.testdebit.info,430,8.487,8.567,8.533,0.029
paris.testdebit.info,440,8.462,8.599,8.546,0.051
paris.testdebit.info,450,8.524,8.674,8.573,0.059
paris.testdebit.info,460,8.474,8.609,8.556,0.049
paris.testdebit.info,470,8.457,8.669,8.573,0.076
paris.testdebit.info,480,8.503,8.624,8.577,0.047
paris.testdebit.info,490,8.482,8.621,8.581,0.057
paris.testdebit.info,500,8.508,8.716,8.634,0.076
paris.testdebit.info,510,8.615,8.651,8.636,0.013
paris.testdebit.info,520,8.545,8.897,8.671,0.134
paris.testdebit.info,530,8.619,8.668,8.639,0.017
paris.testdebit.info,540,8.642,8.696,8.669,0.023
paris.testdebit.info,550,8.57,8.678,8.605,0.043
paris.testdebit.info,560,8.462,8.673,8.568,0.077
paris.testdebit.info,570,8.505,8.679,8.569,0.068
paris.testdebit.info,580,8.44,8.633,8.545,0.07
paris.testdebit.info,590,8.558,8.835,8.648,0.113
paris.testdebit.info,600,8.567,8.69,8.65,0.048
paris.testdebit.info,610,8.576,8.801,8.669,0.084
paris.testdebit.info,620,8.542,8.68,8.613,0.049
paris.testdebit.info,630,8.522,8.776,8.652,0.09
paris.testdebit.info,640,8.582,8.679,8.639,0.035
paris.testdebit.info,650,8.6,8.915,8.732,0.123
paris.testdebit.info,660,8.592,8.76,8.686,0.064
paris.testdebit.info,670,8.553,8.633,8.599,0.03
paris.testdebit.info,680,8.577,8.709,8.647,0.053
paris.testdebit.info,690,8.497,8.746,8.608,0.089
paris.testdebit.info,700,8.536,8.638,8.607,0.041
paris.testdebit.info,710,8.604,8.657,8.624,0.02
paris.testdebit.info,720,8.547,8.769,8.653,0.079
paris.testdebit.info,730,8.543,8.841,8.655,0.111
paris.testdebit.info,740,8.509,8.666,8.607,0.064
paris.testdebit.info,750,8.619,8.67,8.647,0.019
paris.testdebit.info,760,8.551,8.673,8.618,0.045
paris.testdebit.info,770,8.586,8.648,8.622,0.022
paris.testdebit.info,780,8.643,8.883,8.704,0.102
paris.testdebit.info,790,8.567,8.845,8.735,0.105
paris.testdebit.info,800,8.576,8.656,8.625,0.03
paris.testdebit.info,810,8.609,9.028,8.733,0.17
paris.testdebit.info,820,8.595,8.679,8.643,0.03
paris.testdebit.info,830,8.614,8.699,8.656,0.03
paris.testdebit.info,840,8.612,8.678,8.642,0.025
paris.testdebit.info,850,8.614,8.752,8.657,0.055
paris.testdebit.info,860,8.601,8.67,8.642,0.025
paris.testdebit.info,870,8.591,8.656,8.634,0.025
paris.testdebit.info,880,8.56,8.73,8.646,0.06
paris.testdebit.info,890,8.606,8.737,8.655,0.053
paris.testdebit.info,900,8.557,8.661,8.627,0.041
paris.testdebit.info,910,8.552,8.695,8.64,0.053
paris.testdebit.info,920,8.632,8.976,8.745,0.134
paris.testdebit.info,930,8.54,8.609,8.569,0.028
paris.testdebit.info,940,8.459,8.542,8.516,0.033
paris.testdebit.info,950,8.513,8.596,8.57,0.033
paris.testdebit.info,960,8.463,8.561,8.526,0.039
paris.testdebit.info,970,8.505,8.933,8.684,0.155
paris.testdebit.info,980,8.578,8.622,8.601,0.016
paris.testdebit.info,990,8.513,8.616,8.577,0.038
paris.testdebit.info,1000,8.526,8.69,8.611,0.058
paris.testdebit.info,1010,8.626,8.656,8.639,0.011
paris.testdebit.info,1020,8.567,8.649,8.615,0.03
paris.testdebit.info,1030,8.571,8.688,8.629,0.043
paris.testdebit.info,1040,8.614,8.757,8.666,0.054
paris.testdebit.info,1050,8.566,8.842,8.679,0.11
paris.testdebit.info,1060,8.571,8.706,8.646,0.057
paris.testdebit.info,1070,8.614,8.707,8.658,0.033
paris.testdebit.info,1080,8.612,8.726,8.649,0.045
paris.testdebit.info,1090,8.594,8.94,8.714,0.134
paris.testdebit.info,1100,8.603,8.667,8.632,0.027
paris.testdebit.info,1110,8.536,8.672,8.619,0.052
paris.testdebit.info,1120,8.556,8.681,8.596,0.049
paris.testdebit.info,1130,8.485,8.566,8.533,0.03
paris.testdebit.info,1140,8.504,8.882,8.655,0.141
paris.testdebit.info,1150,8.51,8.755,8.595,0.097
paris.testdebit.info,1160,8.529,8.688,8.629,0.063
paris.testdebit.info,1170,8.574,8.674,8.628,0.046
paris.testdebit.info,1180,8.608,8.681,8.643,0.026
paris.testdebit.info,1190,8.544,8.864,8.693,0.126
paris.testdebit.info,1200,8.596,8.713,8.653,0.041
paris.testdebit.info,1210,8.584,8.663,8.612,0.03
paris.testdebit.info,1220,8.582,8.625,8.608,0.016
paris.testdebit.info,1230,8.501,8.625,8.584,0.049
paris.testdebit.info,1240,8.576,8.649,8.62,0.027
paris.testdebit.info,1250,8.604,8.698,8.651,0.038
paris.testdebit.info,1260,8.581,8.669,8.629,0.031
paris.testdebit.info,1270,8.607,8.701,8.65,0.04
paris.testdebit.info,1280,8.567,8.644,8.613,0.029
paris.testdebit.info,1290,8.551,8.674,8.621,0.051
paris.testdebit.info,1300,8.533,8.641,8.593,0.039
paris.testdebit.info,1310,8.522,8.585,8.552,0.026
paris.testdebit.info,1320,8.493,8.585,8.55,0.034
paris.testdebit.info,1330,8.444,8.608,8.561,0.067
paris.testdebit.info,1340,8.542,8.663,8.601,0.046
paris.testdebit.info,1350,8.509,8.64,8.561,0.048
paris.testdebit.info,1360,8.452,8.624,8.543,0.061
paris.testdebit.info,1370,8.533,8.657,8.602,0.046
paris.testdebit.info,1380,8.459,8.602,8.544,0.052
paris.testdebit.info,1390,8.537,8.759,8.65,0.083
paris.testdebit.info,1400,8.498,8.567,8.543,0.027
paris.testdebit.info,1410,8.54,8.634,8.588,0.035
paris.testdebit.info,1420,8.528,8.61,8.567,0.031
paris.testdebit.info,1430,8.522,8.566,8.544,0.015
paris.testdebit.info,1440,8.549,8.624,8.568,0.031
paris.testdebit.info,1450,8.517,8.634,8.563,0.043
paris.testdebit.info,1460,8.486,8.671,8.617,0.076
paris.testdebit.info,1470,8.63,8.682,8.654,0.021
lyon.testdebit.info,20,22.641,23.032,22.784,0.147
lyon.testdebit.info,30,22.666,22.742,22.714,0.028
lyon.testdebit.info,40,22.66,22.746,22.717,0.033
lyon.testdebit.info,50,22.674,22.969,22.784,0.116
lyon.testdebit.info,60,22.653,22.772,22.726,0.047
lyon.testdebit.info,70,22.628,22.803,22.71,0.062
lyon.testdebit.info,80,22.678,22.769,22.708,0.036
lyon.testdebit.info,90,22.644,22.754,22.712,0.041
lyon.testdebit.info,100,22.65,22.882,22.746,0.084
lyon.testdebit.info,110,22.701,22.954,22.789,0.097
lyon.testdebit.info,120,22.711,22.862,22.778,0.054
lyon.testdebit.info,130,22.68,22.915,22.756,0.094
lyon.testdebit.info,140,22.635,22.884,22.742,0.091
lyon.testdebit.info,150,22.682,22.912,22.759,0.093
lyon.testdebit.info,160,22.662,22.768,22.726,0.039
lyon.testdebit.info,170,22.651,22.841,22.738,0.069
lyon.testdebit.info,180,22.669,22.865,22.753,0.07
lyon.testdebit.info,190,22.698,22.773,22.731,0.026
lyon.testdebit.info,200,22.644,22.759,22.711,0.042
lyon.testdebit.info,210,22.673,22.752,22.711,0.028
lyon.testdebit.info,220,22.634,22.739,22.704,0.041
lyon.testdebit.info,230,22.68,22.76,22.736,0.032
lyon.testdebit.info,240,22.694,22.791,22.735,0.036
lyon.testdebit.info,250,22.641,22.75,22.701,0.039
lyon.testdebit.info,260,22.705,22.748,22.728,0.015
lyon.testdebit.info,270,22.689,22.737,22.717,0.019
lyon.testdebit.info,280,22.696,22.977,22.802,0.105
lyon.testdebit.info,290,22.64,22.79,22.729,0.055
lyon.testdebit.info,300,22.664,22.753,22.718,0.036
lyon.testdebit.info,310,22.631,22.801,22.724,0.063
lyon.testdebit.info,320,22.677,22.942,22.763,0.104
lyon.testdebit.info,330,22.686,22.762,22.723,0.03
lyon.testdebit.info,340,22.636,22.794,22.742,0.062
lyon.testdebit.info,350,22.737,22.926,22.811,0.073
lyon.testdebit.info,360,22.641,22.797,22.722,0.056
lyon.testdebit.info,370,22.651,22.744,22.718,0.039
lyon.testdebit.info,380,22.663,22.774,22.739,0.044
lyon.testdebit.info,390,22.674,22.769,22.732,0.036
lyon.testdebit.info,400,22.707,22.963,22.832,0.122
lyon.testdebit.info,410,22.634,23.02,22.797,0.139
lyon.testdebit.info,420,22.704,22.792,22.75,0.037
lyon.testdebit.info,430,22.661,23.0,22.788,0.13
lyon.testdebit.info,440,22.669,22.758,22.721,0.033
lyon.testdebit.info,450,22.508,22.767,22.622,0.106
lyon.testdebit.info,460,22.446,22.689,22.543,0.089
lyon.testdebit.info,470,22.39,22.796,22.671,0.165
lyon.testdebit.info,480,22.684,23.065,22.813,0.148
lyon.testdebit.info,490,22.674,22.757,22.719,0.032
lyon.testdebit.info,500,22.672,22.784,22.736,0.045
lyon.testdebit.info,510,22.65,22.8,22.748,0.058
lyon.testdebit.info,520,22.636,22.919,22.755,0.102
lyon.testdebit.info,530,22.647,22.742,22.706,0.036
lyon.testdebit.info,540,22.661,22.789,22.717,0.053
lyon.testdebit.info,550,22.672,22.774,22.726,0.037
lyon.testdebit.info,560,22.638,22.809,22.732,0.061
lyon.testdebit.info,570,22.683,22.948,22.77,0.104
lyon.testdebit.info,580,22.744,22.871,22.783,0.051
lyon.testdebit.info,590,22.672,22.759,22.73,0.034
lyon.testdebit.info,600,22.635,22.744,22.708,0.043
lyon.testdebit.info,610,22.692,22.753,22.721,0.028
lyon.testdebit.info,620,22.666,22.798,22.726,0.047
lyon.testdebit.info,630,22.674,22.896,22.774,0.079
lyon.testdebit.info,640,22.636,22.757,22.694,0.042
lyon.testdebit.info,650,22.668,22.795,22.741,0.048
lyon.testdebit.info,660,22.675,22.771,22.724,0.034
lyon.testdebit.info,670,22.684,22.792,22.74,0.042
lyon.testdebit.info,680,22.665,23.04,22.813,0.142
lyon.testdebit.info,690,22.68,22.751,22.724,0.026
lyon.testdebit.info,700,22.679,22.749,22.719,0.027
lyon.testdebit.info,710,22.679,22.788,22.723,0.041
lyon.testdebit.info,720,22.678,22.736,22.712,0.024
lyon.testdebit.info,730,22.71,22.763,22.73,0.021
lyon.testdebit.info,740,22.663,22.779,22.726,0.041
lyon.testdebit.info,750,22.678,22.862,22.736,0.073
lyon.testdebit.info,760,22.697,22.787,22.747,0.032
lyon.testdebit.info,770,22.686,22.754,22.726,0.024
lyon.testdebit.info,780,22.685,22.954,22.766,0.109
lyon.testdebit.info,790,22.664,22.719,22.697,0.02
lyon.testdebit.info,800,22.667,22.774,22.717,0.042
lyon.testdebit.info,810,22.679,22.983,22.786,0.116
lyon.testdebit.info,820,22.699,22.744,22.718,0.018
lyon.testdebit.info,830,22.682,22.743,22.724,0.024
lyon.testdebit.info,840,22.671,22.761,22.733,0.036
lyon.testdebit.info,850,22.64,22.754,22.718,0.046
lyon.testdebit.info,860,22.693,22.728,22.716,0.013
lyon.testdebit.info,870,22.66,22.735,22.711,0.029
lyon.testdebit.info,880,22.697,22.727,22.714,0.012
lyon.testdebit.info,890,22.677,22.932,22.771,0.096
lyon.testdebit.info,900,22.595,22.965,22.754,0.133
lyon.testdebit.info,910,22.664,22.768,22.739,0.043
lyon.testdebit.info,920,22.671,22.979,22.793,0.113
lyon.testdebit.info,930,22.74,22.858,22.778,0.046
lyon.testdebit.info,940,22.684,22.828,22.758,0.051
lyon.testdebit.info,950,22.659,23.123,22.887,0.164
lyon.testdebit.info,960,22.669,22.773,22.742,0.042
lyon.testdebit.info,970,22.655,22.998,22.786,0.128
lyon.testdebit.info,980,22.68,22.765,22.739,0.034
lyon.testdebit.info,990,22.667,22.805,22.754,0.053
lyon.testdebit.info,1000,22.653,22.912,22.765,0.093
lyon.testdebit.info,1010,22.738,22.989,22.81,0.103
lyon.testdebit.info,1020,22.63,22.796,22.713,0.058
lyon.testdebit.info,1030,22.686,22.761,22.734,0.029
lyon.testdebit.info,1040,22.688,22.746,22.708,0.023
lyon.testdebit.info,1050,22.73,22.764,22.741,0.013
lyon.testdebit.info,1060,22.674,22.896,22.773,0.079
lyon.testdebit.info,1070,22.657,22.904,22.758,0.091
lyon.testdebit.info,1080,22.686,23.091,22.942,0.164
lyon.testdebit.info,1090,22.64,22.785,22.714,0.051
lyon.testdebit.info,1100,22.657,22.783,22.728,0.045
lyon.testdebit.info,1110,22.696,22.874,22.78,0.069
lyon.testdebit.info,1120,22.724,23.033,22.846,0.118
lyon.testdebit.info,1130,22.695,22.773,22.74,0.031
lyon.testdebit.info,1140,22.672,22.956,22.766,0.111
lyon.testdebit.info,1150,22.65,22.935,22.763,0.104
lyon.testdebit.info,1160,22.668,22.756,22.711,0.031
lyon.testdebit.info,1170,22.684,22.977,22.795,0.109
lyon.testdebit.info,1180,22.664,22.795,22.735,0.048
lyon.testdebit.info,1190,22.71,22.806,22.768,0.037
lyon.testdebit.info,1200,22.691,22.968,22.796,0.104
lyon.testdebit.info,1210,22.655,22.745,22.715,0.035
lyon.testdebit.info,1220,22.702,22.768,22.722,0.026
lyon.testdebit.info,1230,22.674,22.779,22.738,0.04
lyon.testdebit.info,1240,22.675,22.804,22.738,0.049
lyon.testdebit.info,1250,22.693,22.796,22.741,0.036
lyon.testdebit.info,1260,22.719,23.037,22.807,0.132
lyon.testdebit.info,1270,22.689,22.762,22.728,0.026
lyon.testdebit.info,1280,22.692,22.763,22.731,0.026
lyon.testdebit.info,1290,22.71,22.774,22.739,0.023
lyon.testdebit.info,1300,22.694,22.792,22.748,0.035
lyon.testdebit.info,1310,22.719,22.745,22.729,0.009
lyon.testdebit.info,1320,22.722,22.765,22.744,0.015
lyon.testdebit.info,1330,22.684,22.756,22.731,0.028
lyon.testdebit.info,1340,22.678,22.762,22.733,0.034
lyon.testdebit.info,1350,22.72,22.883,22.79,0.063
lyon.testdebit.info,1360,22.705,23.063,22.845,0.133
lyon.testdebit.info,1370,22.74,22.792,22.76,0.019
lyon.testdebit.info,1380,22.701,22.791,22.746,0.031
lyon.testdebit.info,1390,22.67,22.788,22.734,0.046
lyon.testdebit.info,1400,22.694,22.77,22.737,0.027
lyon.testdebit.info,1410,22.689,22.768,22.732,0.029
lyon.testdebit.info,1420,22.699,22.773,22.747,0.028
lyon.testdebit.info,1430,22.648,23.102,22.812,0.173
lyon.testdebit.info,1440,22.482,23.146,22.712,0.264
lyon.testdebit.info,1450,22.469,22.721,22.572,0.092
lyon.testdebit.info,1460,22.462,23.141,22.927,0.271
lyon.testdebit.info,1470,23.011,23.105,23.057,0.033
aix-marseille.testdebit.info,20,22.508,22.591,22.562,0.033
aix-marseille.testdebit.info,30,22.487,22.591,22.555,0.04
aix-marseille.testdebit.info,40,22.493,22.654,22.562,0.061
aix-marseille.testdebit.info,50,22.478,22.584,22.537,0.042
aix-marseille.testdebit.info,60,22.533,22.59,22.557,0.023
aix-marseille.testdebit.info,70,22.523,22.77,22.61,0.094
aix-marseille.testdebit.info,80,22.584,22.739,22.646,0.057
aix-marseille.testdebit.info,90,22.537,22.656,22.605,0.049
aix-marseille.testdebit.info,100,22.527,22.577,22.55,0.02
aix-marseille.testdebit.info,110,22.538,22.644,22.587,0.04
aix-marseille.testdebit.info,120,22.541,22.75,22.627,0.077
aix-marseille.testdebit.info,130,22.527,22.612,22.565,0.031
aix-marseille.testdebit.info,140,22.493,22.661,22.577,0.06
aix-marseille.testdebit.info,150,22.478,22.584,22.546,0.04
aix-marseille.testdebit.info,160,22.486,22.622,22.566,0.054
aix-marseille.testdebit.info,170,22.494,22.59,22.547,0.034
aix-marseille.testdebit.info,180,22.488,22.687,22.59,0.07
aix-marseille.testdebit.info,190,22.482,22.597,22.556,0.044
aix-marseille.testdebit.info,200,22.503,22.587,22.559,0.033
aix-marseille.testdebit.info,210,22.508,22.567,22.538,0.023
aix-marseille.testdebit.info,220,22.556,22.635,22.587,0.032
aix-marseille.testdebit.info,230,22.449,22.595,22.543,0.055
aix-marseille.testdebit.info,240,22.546,22.736,22.595,0.081
aix-marseille.testdebit.info,250,22.461,22.606,22.566,0.061
aix-marseille.testdebit.info,260,22.493,22.562,22.532,0.029
aix-marseille.testdebit.info,270,22.547,22.586,22.559,0.015
aix-marseille.testdebit.info,280,22.554,22.637,22.586,0.03
aix-marseille.testdebit.info,290,22.538,22.617,22.578,0.028
aix-marseille.testdebit.info,300,22.478,22.707,22.581,0.082
aix-marseille.testdebit.info,310,22.512,22.65,22.575,0.049
aix-marseille.testdebit.info,320,22.537,22.607,22.576,0.029
aix-marseille.testdebit.info,330,22.543,22.577,22.562,0.014
aix-marseille.testdebit.info,340,22.505,22.674,22.585,0.059
aix-marseille.testdebit.info,350,22.511,22.61,22.552,0.036
aix-marseille.testdebit.info,360,22.517,22.6,22.567,0.031
aix-marseille.testdebit.info,370,22.55,22.574,22.563,0.008
aix-marseille.testdebit.info,380,22.522,22.594,22.562,0.027
aix-marseille.testdebit.info,390,22.541,22.63,22.582,0.037
aix-marseille.testdebit.info,400,22.527,22.629,22.583,0.038
aix-marseille.testdebit.info,410,22.495,22.578,22.549,0.032
aix-marseille.testdebit.info,420,22.539,22.708,22.587,0.07
aix-marseille.testdebit.info,430,22.513,22.739,22.606,0.086
aix-marseille.testdebit.info,440,22.491,22.614,22.562,0.045
aix-marseille.testdebit.info,450,22.517,22.83,22.675,0.152
aix-marseille.testdebit.info,460,22.502,22.751,22.638,0.095
aix-marseille.testdebit.info,470,22.535,22.756,22.611,0.088
aix-marseille.testdebit.info,480,22.532,22.685,22.577,0.062
aix-marseille.testdebit.info,490,22.543,22.595,22.567,0.021
aix-marseille.testdebit.info,500,22.506,22.683,22.579,0.07
aix-marseille.testdebit.info,510,22.523,22.587,22.547,0.026
aix-marseille.testdebit.info,520,22.512,22.631,22.59,0.048
aix-marseille.testdebit.info,530,22.514,22.6,22.57,0.034
aix-marseille.testdebit.info,540,22.502,22.562,22.544,0.024
aix-marseille.testdebit.info,550,22.513,22.662,22.583,0.052
aix-marseille.testdebit.info,560,22.467,22.622,22.552,0.056
aix-marseille.testdebit.info,570,22.521,22.546,22.535,0.01
aix-marseille.testdebit.info,580,22.495,22.583,22.546,0.037
aix-marseille.testdebit.info,590,22.475,22.66,22.554,0.068
aix-marseille.testdebit.info,600,22.574,22.678,22.606,0.041
aix-marseille.testdebit.info,610,22.499,22.595,22.557,0.037
aix-marseille.testdebit.info,620,22.525,22.584,22.559,0.021
aix-marseille.testdebit.info,630,22.546,22.594,22.568,0.022
aix-marseille.testdebit.info,640,22.475,22.58,22.549,0.043
aix-marseille.testdebit.info,650,22.502,22.639,22.586,0.052
aix-marseille.testdebit.info,660,22.489,22.587,22.535,0.035
aix-marseille.testdebit.info,670,22.494,22.709,22.587,0.079
aix-marseille.testdebit.info,680,22.535,22.68,22.609,0.056
aix-marseille.testdebit.info,690,22.541,22.586,22.57,0.017
aix-marseille.testdebit.info,700,22.521,22.619,22.572,0.034
aix-marseille.testdebit.info,710,22.543,22.653,22.591,0.044
aix-marseille.testdebit.info,720,22.515,22.618,22.577,0.038
aix-marseille.testdebit.info,730,22.516,22.61,22.561,0.034
aix-marseille.testdebit.info,740,22.48,22.766,22.603,0.103
aix-marseille.testdebit.info,750,22.479,22.606,22.549,0.047
aix-marseille.testdebit.info,760,22.549,22.573,22.562,0.008
aix-marseille.testdebit.info,770,22.542,22.583,22.564,0.015
aix-marseille.testdebit.info,780,22.509,22.561,22.539,0.02
aix-marseille.testdebit.info,790,22.512,22.66,22.58,0.052
aix-marseille.testdebit.info,800,22.538,22.602,22.574,0.023
aix-marseille.testdebit.info,810,22.484,22.773,22.613,0.103
aix-marseille.testdebit.info,820,22.505,22.585,22.558,0.031
aix-marseille.testdebit.info,830,22.46,22.633,22.579,0.07
aix-marseille.testdebit.info,840,22.545,22.621,22.589,0.027
aix-marseille.testdebit.info,850,22.491,22.613,22.559,0.049
aix-marseille.testdebit.info,860,22.517,22.62,22.572,0.039
aix-marseille.testdebit.info,870,22.53,22.73,22.642,0.089
aix-marseille.testdebit.info,880,22.522,22.611,22.578,0.036
aix-marseille.testdebit.info,890,22.503,22.819,22.62,0.118
aix-marseille.testdebit.info,900,22.554,22.848,22.638,0.121
aix-marseille.testdebit.info,910,22.481,22.606,22.553,0.048
aix-marseille.testdebit.info,920,22.559,22.627,22.579,0.027
aix-marseille.testdebit.info,930,22.494,22.742,22.598,0.09
aix-marseille.testdebit.info,940,22.45,22.609,22.549,0.06
aix-marseille.testdebit.info,950,22.506,22.756,22.601,0.095
aix-marseille.testdebit.info,960,22.656,23.436,23.065,0.276
aix-marseille.testdebit.info,970,22.588,23.169,22.992,0.236
aix-marseille.testdebit.info,980,22.473,22.692,22.578,0.077
aix-marseille.testdebit.info,990,22.532,22.583,22.555,0.018
aix-marseille.testdebit.info,1000,22.551,22.608,22.577,0.022
aix-marseille.testdebit.info,1010,22.512,22.753,22.617,0.086
aix-marseille.testdebit.info,1020,22.475,22.598,22.542,0.051
aix-marseille.testdebit.info,1030,22.495,22.573,22.538,0.032
aix-marseille.testdebit.info,1040,22.496,22.565,22.538,0.025
aix-marseille.testdebit.info,1050,22.538,22.575,22.559,0.013
aix-marseille.testdebit.info,1060,22.501,22.759,22.605,0.096
aix-marseille.testdebit.info,1070,22.489,22.801,22.6,0.119
aix-marseille.testdebit.info,1080,22.519,22.624,22.571,0.043
aix-marseille.testdebit.info,1090,22.492,22.583,22.541,0.032
aix-marseille.testdebit.info,1100,22.596,22.71,22.638,0.042
aix-marseille.testdebit.info,1110,22.532,22.716,22.611,0.066
aix-marseille.testdebit.info,1120,22.56,22.672,22.602,0.042
aix-marseille.testdebit.info,1130,22.56,22.836,22.654,0.107
aix-marseille.testdebit.info,1140,22.558,22.597,22.58,0.014
aix-marseille.testdebit.info,1150,22.535,22.607,22.576,0.028
aix-marseille.testdebit.info,1160,22.524,22.692,22.587,0.064
aix-marseille.testdebit.info,1170,22.471,22.62,22.576,0.061
aix-marseille.testdebit.info,1180,22.476,22.706,22.589,0.081
aix-marseille.testdebit.info,1190,22.552,22.602,22.577,0.02
aix-marseille.testdebit.info,1200,22.518,22.59,22.562,0.027
aix-marseille.testdebit.info,1210,22.562,22.885,22.66,0.132
aix-marseille.testdebit.info,1220,22.49,22.735,22.578,0.093
aix-marseille.testdebit.info,1230,22.495,22.767,22.623,0.096
aix-marseille.testdebit.info,1240,22.525,22.746,22.681,0.09
aix-marseille.testdebit.info,1250,22.528,22.687,22.602,0.057
aix-marseille.testdebit.info,1260,22.518,22.714,22.596,0.072
aix-marseille.testdebit.info,1270,22.588,22.79,22.668,0.083
aix-marseille.testdebit.info,1280,22.568,22.594,22.575,0.01
aix-marseille.testdebit.info,1290,22.538,22.654,22.597,0.041
aix-marseille.testdebit.info,1300,22.501,22.803,22.616,0.112
aix-marseille.testdebit.info,1310,22.542,22.638,22.57,0.039
aix-marseille.testdebit.info,1320,22.541,22.701,22.61,0.057
aix-marseille.testdebit.info,1330,22.486,22.783,22.597,0.114
aix-marseille.testdebit.info,1340,22.497,22.603,22.555,0.037
aix-marseille.testdebit.info,1350,22.476,22.931,22.64,0.175
aix-marseille.testdebit.info,1360,22.492,22.627,22.572,0.049
aix-marseille.testdebit.info,1370,22.532,22.632,22.587,0.036
aix-marseille.testdebit.info,1380,22.558,22.9,22.72,0.121
aix-marseille.testdebit.info,1390,22.531,22.924,22.648,0.159
aix-marseille.testdebit.info,1400,22.508,22.729,22.59,0.083
aix-marseille.testdebit.info,1410,22.501,22.997,22.717,0.191
aix-marseille.testdebit.info,1420,22.529,22.589,22.564,0.023
aix-marseille.testdebit.info,1430,22.497,22.633,22.554,0.052
aix-marseille.testdebit.info,1440,22.539,22.586,22.56,0.016
aix-marseille.testdebit.info,1450,22.497,22.794,22.659,0.118
aix-marseille.testdebit.info,1460,22.615,22.984,22.765,0.144
aix-marseille.testdebit.info,1470,22.558,22.835,22.674,0.1
1.1.1.1,20,1.221,1.284,1.251,0.022
1.1.1.1,30,1.192,1.522,1.297,0.13
1.1.1.1,40,1.196,1.456,1.272,0.106
1.1.1.1,50,1.208,1.505,1.306,0.117
1.1.1.1,60,1.202,1.325,1.289,0.05
1.1.1.1,70,1.236,1.264,1.251,0.01
1.1.1.1,80,1.242,1.775,1.397,0.219
1.1.1.1,90,1.22,1.489,1.351,0.131
1.1.1.1,100,1.259,1.575,1.407,0.134
1.1.1.1,110,1.201,1.284,1.243,0.029
1.1.1.1,120,1.223,1.271,1.246,0.017
1.1.1.1,130,1.228,1.329,1.286,0.036
1.1.1.1,140,1.239,1.319,1.272,0.029
1.1.1.1,150,1.194,1.327,1.263,0.052
1.1.1.1,160,1.178,1.426,1.305,0.093
1.1.1.1,170,1.194,1.348,1.267,0.057
1.1.1.1,180,1.219,1.385,1.287,0.063
1.1.1.1,190,1.193,1.276,1.244,0.033
1.1.1.1,200,1.202,1.342,1.289,0.057
1.1.1.1,210,1.211,1.36,1.283,0.058
1.1.1.1,220,1.24,1.339,1.295,0.043
1.1.1.1,230,1.228,1.297,1.262,0.032
1.1.1.1,240,1.181,1.461,1.295,0.109
1.1.1.1,250,1.192,1.346,1.259,0.055
1.1.1.1,260,1.216,1.305,1.273,0.035
1.1.1.1,270,1.224,1.317,1.268,0.033
1.1.1.1,280,1.268,1.316,1.286,0.017
1.1.1.1,290,1.231,1.369,1.292,0.049
1.1.1.1,300,1.152,1.859,1.408,0.269
1.1.1.1,310,1.205,1.37,1.287,0.07
1.1.1.1,320,1.199,1.285,1.241,0.03
1.1.1.1,330,1.19,1.439,1.278,0.095
1.1.1.1,340,1.254,2.456,1.716,0.448
1.1.1.1,350,1.232,1.65,1.348,0.174
1.1.1.1,360,1.224,1.287,1.259,0.022
1.1.1.1,370,1.251,1.386,1.313,0.052
1.1.1.1,380,1.201,1.379,1.29,0.064
1.1.1.1,390,1.222,1.284,1.257,0.026
1.1.1.1,400,1.245,1.289,1.265,0.017
1.1.1.1,410,1.256,3.869,1.927,1.12
1.1.1.1,420,1.224,1.392,1.283,0.064
1.1.1.1,430,1.178,1.319,1.247,0.051
1.1.1.1,440,1.183,1.48,1.311,0.106
1.1.1.1,450,1.243,1.537,1.344,0.115
1.1.1.1,460,1.14,1.369,1.269,0.085
1.1.1.1,470,1.209,1.329,1.268,0.052
1.1.1.1,480,1.253,1.616,1.416,0.14
1.1.1.1,490,1.197,1.516,1.357,0.127
1.1.1.1,500,1.226,1.298,1.255,0.03
1.1.1.1,510,1.215,1.547,1.331,0.131
1.1.1.1,520,1.183,1.336,1.265,0.057
1.1.1.1,530,1.266,1.488,1.337,0.087
1.1.1.1,540,1.246,1.596,1.355,0.14
1.1.1.1,550,1.284,1.47,1.365,0.082
1.1.1.1,560,1.183,1.355,1.283,0.063
1.1.1.1,570,1.255,1.311,1.28,0.021
1.1.1.1,580,1.228,1.817,1.492,0.211
1.1.1.1,590,1.261,1.619,1.408,0.144
1.1.1.1,600,1.255,1.37,1.311,0.054
1.1.1.1,610,1.25,1.285,1.268,0.014
1.1.1.1,620,1.275,1.37,1.308,0.036
1.1.1.1,630,1.243,1.338,1.29,0.033
1.1.1.1,640,1.244,1.498,1.341,0.102
1.1.1.1,650,1.242,1.311,1.266,0.026
1.1.1.1,660,1.257,1.292,1.267,0.014
1.1.1.1,670,1.216,9.294,3.325,3.448
1.1.1.1,680,1.256,1.517,1.336,0.105
1.1.1.1,690,1.177,2.464,1.531,0.539
1.1.1.1,700,1.3,1.672,1.465,0.148
1.1.1.1,710,1.224,1.279,1.259,0.021
1.1.1.1,720,1.247,1.535,1.342,0.114
1.1.1.1,730,1.181,1.299,1.233,0.046
1.1.1.1,740,1.229,1.319,1.266,0.032
1.1.1.1,750,1.15,1.29,1.237,0.052
1.1.1.1,760,1.215,1.363,1.282,0.056
1.1.1.1,770,1.191,1.334,1.255,0.051
1.1.1.1,780,1.201,1.297,1.263,0.037
1.1.1.1,790,1.245,1.381,1.294,0.053
1.1.1.1,800,1.209,1.482,1.325,0.099
1.1.1.1,810,1.267,1.413,1.324,0.054
1.1.1.1,820,1.264,1.501,1.368,0.093
1.1.1.1,830,1.206,1.316,1.276,0.044
1.1.1.1,840,1.19,1.316,1.265,0.049
1.1.1.1,850,1.265,1.415,1.315,0.058
1.1.1.1,860,1.214,1.412,1.29,0.073
1.1.1.1,870,1.234,1.299,1.271,0.023
1.1.1.1,880,1.236,1.263,1.244,0.011
1.1.1.1,890,1.154,1.299,1.254,0.058
1.1.1.1,900,1.233,1.26,1.245,0.009
1.1.1.1,910,1.219,2.103,1.471,0.366
1.1.1.1,920,1.294,1.556,1.396,0.109
1.1.1.1,930,1.214,1.512,1.303,0.121
1.1.1.1,940,1.254,1.509,1.322,0.108
1.1.1.1,950,1.271,1.394,1.318,0.048
1.1.1.1,960,1.291,1.645,1.448,0.131
1.1.1.1,970,1.197,1.258,1.238,0.024
1.1.1.1,980,1.217,1.513,1.323,0.112
1.1.1.1,990,1.224,1.416,1.302,0.071
1.1.1.1,1000,1.242,1.349,1.291,0.038
1.1.1.1,1010,1.229,1.354,1.291,0.055
1.1.1.1,1020,1.292,1.673,1.47,0.16
1.1.1.1,1030,1.22,1.293,1.266,0.027
1.1.1.1,1040,1.201,1.303,1.249,0.036
1.1.1.1,1050,1.222,1.477,1.306,0.1
1.1.1.1,1060,1.221,1.615,1.412,0.184
1.1.1.1,1070,1.272,1.606,1.408,0.133
1.1.1.1,1080,1.256,1.281,1.267,0.011
1.1.1.1,1090,1.229,1.332,1.279,0.036
1.1.1.1,1100,1.221,1.36,1.288,0.062
1.1.1.1,1110,1.239,1.45,1.308,0.085
1.1.1.1,1120,1.209,1.261,1.236,0.019
1.1.1.1,1130,1.237,1.371,1.298,0.052
1.1.1.1,1140,1.225,1.524,1.314,0.121
1.1.1.1,1150,1.251,1.477,1.35,0.097
1.1.1.1,1160,1.207,1.417,1.304,0.077
1.1.1.1,1170,1.214,1.426,1.283,0.083
1.1.1.1,1180,1.201,1.475,1.319,0.1
1.1.1.1,1190,1.262,1.335,1.288,0.027
1.1.1.1,1200,1.183,1.434,1.279,0.093
1.1.1.1,1210,1.228,1.332,1.296,0.04
1.1.1.1,1220,1.228,1.302,1.262,0.026
1.1.1.1,1230,1.229,1.896,1.419,0.276
1.1.1.1,1240,1.245,1.309,1.276,0.028
1.1.1.1,1250,1.276,1.358,1.306,0.031
1.1.1.1,1260,1.173,1.399,1.296,0.082
1.1.1.1,1270,1.236,1.329,1.285,0.038
1.1.1.1,1280,1.276,1.407,1.329,0.05
1.1.1.1,1290,1.276,1.566,1.38,0.111
1.1.1.1,1300,1.222,1.333,1.294,0.043
1.1.1.1,1310,1.263,1.336,1.293,0.027
1.1.1.1,1320,1.224,1.372,1.286,0.054
1.1.1.1,1330,1.319,1.506,1.409,0.071
1.1.1.1,1340,1.225,1.275,1.25,0.02
1.1.1.1,1350,1.289,1.794,1.445,0.206
1.1.1.1,1360,1.219,1.429,1.285,0.083
1.1.1.1,1370,1.23,1.309,1.282,0.031
1.1.1.1,1380,1.249,1.368,1.324,0.048
1.1.1.1,1390,1.228,1.517,1.328,0.111
1.1.1.1,1400,1.241,1.28,1.261,0.016
1.1.1.1,1410,1.235,1.697,1.383,0.183
1.1.1.1,1420,1.152,1.446,1.285,0.106
1.1.1.1,1430,1.245,1.558,1.355,0.12
1.1.1.1,1440,1.2,1.304,1.265,0.041
1.1.1.1,1450,1.233,1.305,1.255,0.028
1.1.1.1,1460,1.232,1.256,1.246,0.009
1.1.1.1,1470,1.224,2.297,1.517,0.451
